volume1_label	volume1_status	corrected	early_file	early_location	ratio	wording_diff
theorem 3.1 · sequential consistency	-		SAME-WORDING	L701 Sequential Consistency	1.0	
theorem 5.1 · existence and well-posedness	-		DIFFERS	L744 Existence and Well-Posedness	0.83	r:[ass manifold ass morse]->[2 1 2 6]
theorem 5.2 · local determination	-		DIFFERS	L750 Local Determination	0.95	r:[neighborhood]->[neighbourhood]
theorem 5.3 · non-commutativity	SHOWN	2026-09-18	DIFFERS	L755 Non-Commutativity	0.59	r:[the sequence is]->[some orderings are] | i:[]->[the universal reading that every ordering is is fa]
theorem 5.4 · irreducibility	-		SAME-WORDING	L760 Irreducibility	1.0	
theorem 5.5 · finite branching	-		DIFFERS	L765 Finite Branching	0.71	i:[]->[follows from the morse condition on and transversa]
theorem 9.1 · classification of generative transitions	-		SAME-WORDING	L922 Classification of Generative T	1.0	
proved theorem 12.1 · symplectic preservation	PROVED (label prefix)		DIFFERS	L1049 Symplectic Preservation	0.2	i:[]->[the fold map] | i:[]->[p p n satisfies f]
theorem t1 · entropy monotonicity [open obligation — axle #1	OPEN OBLIGATION — AXLE #14		NO-COUNTERPART		0	
conjecture 15.1 · perelman structural correspondence [argued	ARGUED — NOT PROVED		NO-COUNTERPART		0	
conjecture 16.1 · dimensional threshold [argued — not proved	ARGUED — NOT PROVED		NO-COUNTERPART		0	
