early_line	kind	title	status	ratio	paper2_match	diff
701	theorem	Sequential Consistency	NO-MATCH	0.09		
744	theorem	Existence and Well-Posedness	NO-MATCH	0.12		
750	theorem	Local Determination	NO-MATCH	0.17		
755	theorem	Non-Commutativity	NO-MATCH	0.07		
760	theorem	Irreducibility	NO-MATCH	0.1		
765	theorem	Finite Branching	NO-MATCH	0.14		
922	theorem	Classification of Generative Transitions	NO-MATCH	0.2		
1049	theorem	Symplectic Preservation	NO-MATCH	0.06		
1141	proposition	Threshold Correspondence	NO-MATCH	0.13		
1173	proposition	Fold--dm3 Correspondence	NO-MATCH	0.14		
1427	theorem	A: Contact realization of the fold	NO-MATCH	0.17		
1439	theorem	B: Threshold equivalence	NO-MATCH	0.13		
1455	theorem	C: Singularity--bifurcation corresponden	NO-MATCH	0.14		
1498	proposition	Regularization of the fold generator	NO-MATCH	0.18		
1580	lemma	Fold activation produces hyperbolicity	NO-MATCH	0.12		
1593	theorem	Geometric implies stochastic threshold	NO-MATCH	0.14		
1611	lemma	Finite $\tau$ implies transverse contrac	NO-MATCH	0.13		
1623	theorem	Stochastic implies geometric threshold	NO-MATCH	0.11		
1639	theorem	Threshold equivalence	NO-MATCH	0.18		
1680	theorem	Verification of GCM by the dm3 Toy Model	NO-MATCH	0.19		
1747	proposition	Explicit threshold values	NO-MATCH	0.24		
1771	proposition	Contact normal form	NUMBER-DIFF	0.73	P2 L728 Contact normal form: toy model	i:[]->[-- near gamma] | i:[]->[begin align] | r:[rho+o]->[rho + o] | d:[quad]->[] | r:[1+o]->[1 + o] | d:[quad]->[] | r:[1-2]->[1 - 2] | r:[+o]->[+ o] | i:[]->[. end align this is] | i:[]->[of] | i:[]->[parameters] | i:[]->[-2] | i:[]->[1] | d:[-2 1]->[]
1838	proposition	Singularity--bifurcation correspondence	NO-MATCH	0.16		
2050	theorem	A: dm3 existence and stability	NO-MATCH	0.15		
2064	theorem	B: closure under unification	NO-MATCH	0.16		
2079	theorem	C: contact normal form	NUMBER-DIFF	0.53	P2 L728 Contact normal form: toy model	d:[let dm satisfy axioms -- .]->[] | d:[a tubular neighborhood of in m alpha the]->[] | r:[0 such that]->[r-1 the system -- near gamma takes the f] | r:[mu max]->[-2] | r:[- beta z]->[-z] | r:[omega]->[1] | r:[omega]->[1] | r:[abs mu max]->[2] | r:[- beta z]->[-z] | r:[every dm3 
2093	theorem	D: structural stability	NO-MATCH	0.17		
2290	proposition	Exponential orbital stability	NO-MATCH	0.15		
2307	proposition	Stochastic Lyapunov condition	NO-MATCH	0.13		
2368	proposition	$\Orb$-invariance of $g_1$	NO-MATCH	0.13		
2375	proposition	Basin expansion	NO-MATCH	0.16		
2383	conjecture	Global basin expansion	NO-MATCH	0.14		
2410	conjecture	Invariant torus stability	NO-MATCH	0.29		
2434	proposition	Morphisms preserve dm3 structure	NO-MATCH	0.17		
2447	corollary	Falsifiability of cross-domain claims	NO-MATCH	0.12		
2465	proposition	$L_1$ orbit invariance	NO-MATCH	0.12		
2475	conjecture	$L_1$ hyperbolicity	NO-MATCH	0.12		
2490	proposition	$L_2$ fixed points	NO-MATCH	0.14		
2511	proposition	$L_3$ non-collapse and hyperbolicity	NO-MATCH	0.13		
2541	proposition	Genericity	NO-MATCH	0.09		
2556	proposition	Phase locking and descent	NO-MATCH	0.15		
2577	proposition	Exponential stability	NO-MATCH	0.19		
2603	proposition	Projections are morphisms	NO-MATCH	0.1		
2615	proposition	Pushout existence	NO-MATCH	0.19		
2642	proposition	dm3 closure under $U_3$	NO-MATCH	0.17		
2685	proposition	$B_1$ invariance	NO-MATCH	0.21		
2715	proposition	Smoothness of $B_3$	NO-MATCH	0.16		
2733	theorem	Operator grammar	NO-MATCH	0.18		
2789	proposition	Contact structure and Reeb field	NO-MATCH	0.33		
2800	proposition	Topological invariance of $\oint_\Orb\la	NO-MATCH	0.13		
2827	proposition	Recovery of dm3 dynamics	NO-MATCH	0.17		
2841	theorem	Contact Euler--Lagrange equations	NO-MATCH	0.14		
2852	proposition	On-orbit action	NO-MATCH	0.14		
2859	theorem	Contact Noether theorem	NO-MATCH	0.11		
2867	corollary	Winding number conservation	NO-MATCH	0.09		
2875	proposition	$B_1$ and $B_3$ in contact geometry	NO-MATCH	0.21		
2914	proposition	Persistence under operators	NO-MATCH	0.14		
2929	proposition	Boundary persistence	NO-MATCH	0.11		
3198	theorem	A: global attractor	WORDING-DIFF	0.89	P2 L103 A: global attractor	i:[]->[b gamma] | r:[orb]->[gamma] | i:[]->[gamma] | r:[orb]->[gamma] | r:[orb]->[gamma]
3208	theorem	B: invariant torus conjecture	SAME	0.96	P2 L112 B: invariant torus conjecture	r:[orb]->[gamma] | r:[orb]->[gamma]
3216	theorem	C: bifurcation diagram	NUMBER-DIFF	0.87	P2 L121 C: bifurcation diagram	d:[label textup roman]->[] | i:[]->[i] | r:[e]->[2e] | i:[]->[footnote corrected in v3 previously stat] | i:[]->[ii] | r:[approx 0.15]->[approx0.15] | i:[]->[iii] | d:[abs]->[] | r:[orb]->[gamma] | i:[]->[iv]
3234	theorem	D: stationary measure	NUMBER-DIFF	0.88	P2 L141 D: stationary measure	r:[cn]->[n] | i:[]->[gamma] | r:[sqrt 2]->[sqrt2] | i:[]->[gamma] | r:[to 0]->[to0] | i:[]->[b gamma]
3283	proposition	Explicit flow formula	NUMBER-DIFF	0.79	P2 L183 Explicit flow formula	r:[frac 1 sqrt]->[bigl] | r:[-4t]->[-2t bigr -1 2] | r:[0 + t]->[0+t]
3300	proposition	Canonical invariants	NUMBER-DIFF	0.89	P2 L214 Canonical invariants	r:[dm]->[d] | r:[dm]->[d] | r:[.]->[7.]
3348	lemma	Transverse stability	NUMBER-DIFF	0.46	P2 L425 dm$^3$ orbit stability	i:[]->[linearizing at r 1 with r 1+ rho dot rho] | d:[the]->[] | d:[is]->[] | r:[z]->[d 3] | r:[with rate c]->[for all] | r:[2 1-e -z which increases to 2 as z to in]->[0]
3387	corollary	Noise tolerance under unification	NO-MATCH	0.15		
3423	proposition	Contact structure	NUMBER-DIFF	0.92	P2 L262 Contact structure	r:[2 d]->[2d] | r:[ne 0]->[neq0]
3446	proposition	Behavior on $\Orb$	NUMBER-DIFF	0.93	P2 L284 Behavior on $\Gamma$	i:[]->[gamma] | r:[1 .]->[1.]
3452	proposition	Embodiment threshold in the toy model	SAME	0.99	P2 L289 Embodiment threshold in the to	i:[]->[gamma]
3649	proposition	dm3 orbit stability	NUMBER-DIFF	0.92	P2 L425 dm$^3$ orbit stability	r:[rho + 2]->[rho+2] | r:[dm3]->[d 3]
3658	proposition	Resonant orbit stability	NUMBER-DIFF	0.94	P2 L434 Resonant orbit stability	r:[orb]->[gamma] | r:[cdot 2]->[cdot2]
3676	proposition	Collapse boundary as repelling barrier	SAME	0.99	P2 L453 Collapse boundary as repelling	i:[]->[gamma]
3689	proposition	Global phase portrait	WORDING-DIFF	0.95	P2 L465 Global phase portrait	d:[leftmargin]->[] | i:[]->[gamma] | i:[]->[b gamma] | r:[orb]->[gamma] | r:[orb]->[gamma]
3748	proposition	Contact Hopf bifurcation	NUMBER-DIFF	0.89	P2 L520 Contact Hopf bifurcation	i:[]->[gamma] | d:[-2 1-]->[] | r:[.]->[- 2.] | r:[e]->[2e]
3760	theorem	Contact Hopf: Theorem~C(i)	SAME	0.97	P2 L552 Contact Hopf: Theorem C(i)	r:[e]->[2e]
3787	theorem	Saddle-node: Theorem~C(ii)	SAME	0.97	P2 L580 Saddle-node: Theorem C(ii)	r:[dmcat]->[dm 3]
3809	theorem	Neimark--Sacker = $B_2$: Theorem~C(iii)	SAME	0.95	P2 L609 Neimark--Sacker $=B_2$: Theore	r:[orb]->[gamma] | r:[orb]->[gamma]
3840	proposition	SRB measure	SAME	0.97	P2 L639 SRB measure	i:[]->[gamma] | d:[colon]->[] | i:[]->[b gamma]
3864	proposition	Stationary density	NUMBER-DIFF	0.89	P2 L663 Stationary density	r:[2v]->[4v] | r:[2]->[4] | i:[]->[gamma] | r:[cdot]->[cdot2 pi pi 3] | r:[pi]->[sigma 0]
3908	proposition	Contact normal form: toy model	SAME	0.99	P2 L728 Contact normal form: toy model	i:[]->[gamma]
3932	corollary	Universal local model verified	SAME	1.0	P2 L751 Universal local model verified	
