line	kind	title	section	class	proof_words	markers	statement
701	theorem	Sequential Consistency	Operator Definitions	SKETCH	51		If $K$ is applied until curvature reaches $\kappa^*$, then $F$ is well-defined, produces a finite branch set, and induces a rank-deficient J
744	theorem	Existence and Well-Posedness	Structural Theorems	NO-PROOF	0		Under Assumptions~\ref{ass:manifold}--\ref{ass:morse}, the composite operator $\mathcal{G} = U \circ F \circ K \circ C$ is well-defined on a
750	theorem	Local Determination	Structural Theorems	NO-PROOF	0		The action of $\mathcal{G}$ on $\gamma$ is determined entirely by the local geometry of $\gamma$ in a neighborhood of the fold point.
755	theorem	Non-Commutativity	Structural Theorems	NO-PROOF	0		The operators $C$, $K$, $F$, $U$ do not commute; the sequence is order-dependent.
760	theorem	Irreducibility	Structural Theorems	NO-PROOF	0		No operator in the sequence $C \to K \to F \to U$ can be removed without altering the qualitative structure of the transition.
765	theorem	Finite Branching	Structural Theorems	NO-PROOF	0		The branch set $B = \{F(\gamma_K(s_i)) : |\kappa_K(s_i)| = \kappa^*(\gamma_K(s_i))\}$ is finite.
922	theorem	Classification of Generative T	Singularity Classification	SKETCH	40		Every admissible generative transition $\mathcal{G} = U \circ F \circ K \circ C$ is $\mathcal{A}$-equivalent to exactly one of $A_1$, $A_2$,
1049	theorem	Symplectic Preservation	Hamiltonian Discontinuities and Symplectic Geometry	FULL-LOOKING	29		$\mathcal{F}^*\omega = \omega$.
1141	proposition	prop:threshold	Connection to Generative Contact Mechanics	SKETCH	76		\label{prop:threshold} Let a generative transition produce a post-fold stabilized orbit $\Gamma$ with Lyapunov function $V = d_g(\cdot,\Gamm
1173	proposition	prop:fold	Connection to Generative Contact Mechanics	SKETCH	52		\label{prop:fold} The fold map $F$ is the piecewise-smooth, pre-contact limit of the dm3 operator in the following sense. \begin{enumerate}[
1427	theorem	thm:A	Introduction	NO-PROOF	0		\label{thm:A} The fold operator $F$ of Volume~One is the piecewise-smooth, pre-contact limit of the dm3 operator $\mathcal{A}_{\mathrm{dm3}}
1439	theorem	thm:B	Introduction	NO-PROOF	0		\label{thm:B} Under the generative model of Volume~One and the dm3 realization of~\cite{Paper1}: \[ |\kappa|\uparrow\kappa^* \;\iff\; \mu_{\
1455	theorem	thm:C	Introduction	NO-PROOF	0		\label{thm:C} The four bifurcations of the dm3 toy model~\cite{Paper2} correspond to the Whitney singularity types of Volume~One under the p
1498	proposition	prop:regularization	Contact Realization of the Fold Operator	SKETCH	97		\label{prop:regularization} The contact dissipation Hamiltonian $H_{\mathrm{diss}}(x,z) = -\gamma V(x)e^{-\beta z}$ is a smooth regularizati
1580	lemma	lem:fold-hyp	Equivalence of \texorpdfstring{$\kappa^*$	SKETCH	22	\cite	\label{lem:fold-hyp} If $K$ drives curvature to $\kappa^*$, $F$ is rank-1, and $U$ selects a nondegenerate branch, then $\Orb$ is hyperbolic
1593	theorem	thm:geom-stoch	Equivalence of \texorpdfstring{$\kappa^*$	DEFERS	32	\cite	\label{thm:geom-stoch} Under Lemma~\ref{lem:fold-hyp}, $\cL V\le -cV+\kappa_{\mathrm{noise}}\norm{\sigma}^2$ and $\tau=\sqrt{c/\kappa_{\math
1611	lemma	lem:tau-contract	Equivalence of \texorpdfstring{$\kappa^*$	ONE-LINER	17	\cite	\label{lem:tau-contract} If $\cL V\le -cV+\kappa_{\mathrm{noise}}\norm{\sigma}^2$ with $c>0$, then $\mu_{\max}<0$ and $\dot V\le -cV$ near $
1623	theorem	thm:stoch-geom	Equivalence of \texorpdfstring{$\kappa^*$	DEFERS	41	\cite	\label{thm:stoch-geom} If $\tau\in(0,\infty)$, then the trajectory must have crossed $\kappa^*$ and undergone a rank-1 fold.
1639	theorem	thm:equiv	Equivalence of \texorpdfstring{$\kappa^*$	ONE-LINER	15	\ref{thm	\label{thm:equiv} \[ |\kappa|\uparrow\kappa^* \;\iff\; \mu_{\max}<0 \;\iff\; \tau\in(0,\infty). \] $\kappa^*$ is the geometric precursor of 
1680	theorem	thm:verification	Explicit Verification in the dm3 Toy Model	ONE-LINER	24	\cite	\label{thm:verification} There exists an explicit smooth dynamical system on a contact manifold---the dm3 toy model of~\cite{Paper2}---in wh
1747	proposition	prop:explicit	Explicit Verification in the dm3 Toy Model	DEFERS	30	\cite	\label{prop:explicit} $\mu_{\max}=-2$, $\kappa_{\mathrm{noise}}=1$, $\tau=2$. The transverse eigenvalue $\lambda(z)=-2(1-e^{-z})$ satisfies:
1771	proposition	prop:nf	Explicit Verification in the dm3 Toy Model	NO-PROOF	0		\label{prop:nf} In coordinates $(\rho,\theta,z)$ with $\rho=r-1$, the system takes the form \[ \dot\rho=-2(1-e^{-z})\rho+O(\rho^2),\quad \do
1838	proposition	prop:sing-bif	Singularity--Bifurcation Correspondence	SKETCH	54		\label{prop:sing-bif} Under projection $M=S\times\R\to S$: \begin{center} \begin{tabular}{lll} \toprule Singularity & Codimension & dm3 bifu
2050	theorem	thm:A	Introduction	DEFERS	43	\ref{prop	\label{thm:A} Let $\dm=(S,g,Y,\Orb,V,\sigma)$ satisfy Axioms~\ref{ax:orbit}--\ref{ax:hyperbolic}. Then: \begin{enumerate}[label=\textup{(\ro
2064	theorem	thm:B	Introduction	DEFERS	87	\ref{prop	\label{thm:B} Let $\dm_1,\dm_2\in\dmcat$ be in $k$:$m$ resonance with admissible span. Then: \begin{enumerate}[label=\textup{(\roman*)}] \it
2079	theorem	thm:C	Introduction	FULL-LOOKING	124	\cite,\ref{thm	\label{thm:C} Let $\dm$ satisfy Axioms~\ref{ax:orbit}--\ref{ax:hyperbolic}. In a tubular neighborhood of $\Orb$ in $(M,\alpha)$, there exist
2093	theorem	thm:D	Introduction	FULL-LOOKING	158	\cite,\ref{prop,see	\label{thm:D} Let $\dm$ satisfy Axioms~\ref{ax:orbit}--\ref{ax:hyperbolic} with $\mu_{\max}<0$. Define \[ \varepsilon_0 \coloneqq \frac{\abs
2290	proposition	prop:orbital	The dm3 operator	DEFERS	53	\cite,see	\label{prop:orbital} Let $\dm$ satisfy Axioms~\ref{ax:orbit}--\ref{ax:hyperbolic}. Then there exist $c>0$ and $\cN(\Orb)$ such that $\dot V(
2307	proposition	prop:stoch	The dm3 operator	ONE-LINER	9	\cite,see	\label{prop:stoch} If Axiom~\ref{ax:noise} holds with constants $c,\kappa$, then for noise amplitude $\norm\sigma<\tau\coloneqq\sqrt{c/\kapp
2368	proposition	prop:g1inv	The operator algebra	ONE-LINER	10		\label{prop:g1inv} $g_1(\Orb)=\Orb$.
2375	proposition	prop:g1expand	The operator algebra	NO-PROOF	0		\label{prop:g1expand} The pushforward $Y^{(1)}\coloneqq(g_1)_*Y$ has Lyapunov function $V^{(1)}=V\circ g_1^{-1}$ satisfying $\dot V^{(1)}\le
2383	conjecture	conj:global	The operator algebra	NO-PROOF	0		\label{conj:global} For appropriate $h$ and $\delta$, the basin of attraction of $\Orb$ under $Y^{(1)}$ is strictly larger than under $Y$.
2410	conjecture	conj:torus	The operator algebra	NO-PROOF	0		\label{conj:torus} If the semi-conjugacy holds and $Y^{(2)}$ has a hyperbolic limit cycle, the product system on $S\times S^{(2)}$ admits a 
2434	proposition	prop:morphism	The operator algebra	FULL-LOOKING	61		\label{prop:morphism} If $f\colon\dm_1\to\dm_2$ is a dm3 morphism, then $\dm_2\in\dmcat$.
2447	corollary	cor:false	The operator algebra	NO-PROOF	0		\label{cor:false} The claim that the dm3 framework applies to a domain $D$ with state space $S_D$ is equivalent to the existence of a morphi
2465	proposition	prop:L1	The operator algebra	ONE-LINER	19		\label{prop:L1} $L_1(\Orb_i)=\Orb_i$ for $i=1,2$. There exists $\eps'>\eps$ such that $\dg(L_1(x),\Orb_i)\ge\dg(x,\Orb_i)$ for $\dg(x,\Orb_i
2475	conjecture	conj:L1	The operator algebra	NO-PROOF	0		\label{conj:L1} For sufficiently small $\norm{Z}_{C^1}$, both $\Orb_i$ remain hyperbolic under $(L_1)_*Y_i$.
2490	proposition	prop:L2	The operator algebra	FULL-LOOKING	26		\label{prop:L2} $L_2(x)=x\iff x\in\Orb$. Moreover $\mathcal{E}|_{\Orb}=0$ and $\nabla\cV|_{\Orb}=0$.
2511	proposition	prop:L3	The operator algebra	FULL-LOOKING	31		\label{prop:L3} For sufficiently small $\eta$: $\dg(L_3(\Orb_1),L_3(\Orb_2))\ge\dg(\Orb_1,\Orb_2)$, and each $\Orb_i$ remains a hyperbolic l
2541	proposition	prop:R1	The operator algebra	NO-PROOF	0		\label{prop:R1} Each resonance locus is codimension-$1$ in $\cP^2$ and has measure zero. Within each Arnold tongue, $k$:$m$ resonance is str
2556	proposition	prop:R2	The operator algebra	FULL-LOOKING	42	by definition	\label{prop:R2} $\Fix(R_2)\cap(\Orb_1\times\Orb_2)=\{k\varphi_1=m\varphi_2\}$, consisting of $\lcm(k,m)$ points generically. Along the flow:
2577	proposition	prop:R3	The operator algebra	FULL-LOOKING	34		\label{prop:R3} With $U=d(\cdot,\cM_{k:m})^2$: $\dot U=-4U$ along $R_3$-flow, so $U(t)=U(0)e^{-4t}$. Both $\Orb_i$ are fixed by $R_3$.
2603	proposition	prop:proj	The operator algebra	FULL-LOOKING	37	by definition	\label{prop:proj} The projections $p_i\colon\cM_{k:m}\to S_i$ satisfy (M1)--(M4) with $p_i(\Orb_\lambda)=\Orb_i$.
2615	proposition	prop:pushout	The operator algebra	DEFERS	46	\cite	\label{prop:pushout} If the span is admissible, the pushout $\dm_{12}=\dm_1\sqcup_{\dm_\lambda}\dm_2$ exists in $\dmcat$, unique up to dm3-i
2642	proposition	prop:closure	The operator algebra	DEFERS	50	\ref{prop,by construction	\label{prop:closure} After applying $U_3$, the system $\dm_{12}=(S_{12},g_{12},Y_{12},\Orb_{\mathrm{syn}},V_{12},\sigma_{12})$ satisfies Axi
2685	proposition	prop:B1	Boundary operators and constraint geometry	ONE-LINER	12	by definition	\label{prop:B1} $\phi^t(B_1)=B_1$ for all $t\in\R$.
2715	proposition	prop:B3	Boundary operators and constraint geometry	ONE-LINER	16		\label{prop:B3} For generic $\eps_0$, $B_3$ is a smooth codimension-$1$ submanifold.
2733	theorem	thm:grammar	Boundary operators and constraint geometry	DEFERS	100	\ref{prop	\label{thm:grammar} Let $(\dm_1,\dm_2)$ be fully admissible. The sequence $L_3\to L_1\to g_1\to L_2\to g_2\to R_1\to R_2\to R_3\to U_1\to U_
2789	proposition	prop:contact	Contact geometric physics	FULL-LOOKING	27		\label{prop:contact} $(M,\alpha)$ is a contact manifold with $R_\alpha=\partial_z$.
2800	proposition	prop:winding	Contact geometric physics	ONE-LINER	21		\label{prop:winding} \begin{enumerate}[label=\textup{(\roman*)}] \item $\oint_\Orb\lambda$ is independent of the choice of $\lambda$ with $d
2827	proposition	prop:recovery	Contact geometric physics	NO-PROOF	0		\label{prop:recovery} $\pi_*X_H(s)=Y(s)-\gamma e^{-\beta z}\nabla V(s)+O(V)$. On $\Orb$: $\pi_*X_H=Y$. Along trajectories: $\dot V\le -c\nor
2841	theorem	thm:EL	Contact geometric physics	NO-PROOF	0		\label{thm:EL} Critical points of $\cS$ satisfy \[ \dot s=\frac{\partial H}{\partial p}+X_{\cR},\quad \dot z=\lambda(\dot s)+H,\quad \dot p=
2852	proposition	prop:orbit-action	Contact geometric physics	NO-PROOF	0		\label{prop:orbit-action} $\cS[\gamma|_\Orb]=\oint_\Orb\lambda$ (the topological invariant of Proposition~\ref{prop:winding}).
2859	theorem	thm:noether	Contact geometric physics	NO-PROOF	0		\label{thm:noether} If $\{\Phi_\eps\}$ is a one-parameter family of contactomorphisms with generator $W$ satisfying $\mathcal{L}_W\alpha=f\a
2867	corollary	cor:winding	Contact geometric physics	NO-PROOF	0		\label{cor:winding} Phase rotation on $\Orb$ is a strict contactomorphism. Its conserved quantity is $\oint_\Orb\lambda$---the topological i
2875	proposition	prop:contact-bdy	Contact geometric physics	NO-PROOF	0		\label{prop:contact-bdy} $\hat B_1=B_1\times\R\subset M$ is a contact hypersurface ($\alpha|_{\hat B_1}$ is a contact form). $\hat B_3\subse
2914	proposition	prop:persist	Structural stability	DEFERS	40	\ref{prop,see	\label{prop:persist} For sufficiently small operator parameters: $g_i(\dm)\in\dmcat$; $L_i(\dm)\in\dmcat$; $R_i(\dm_1,\dm_2)\in\dmcat\times\
2929	proposition	prop:bdy-persist	Structural stability	FULL-LOOKING	35		\label{prop:bdy-persist} Under sufficiently small $C^1$ perturbations: $B_1'$, $B_2'$, $B_3'$ exist and vary $C^1$-smoothly.
3198	theorem	thm:A	Introduction	FULL-LOOKING	175	\ref{prop	\label{thm:A} The global attractor of the system~\eqref{eq:rdot}--\eqref{eq:zdot} restricted to $\cB(\Orb)\times\R_{>0}$ is \[ \mathcal{A}_{
3208	theorem	thm:B	Introduction	DEFERS	68	\cite,by definition	\label{thm:B} The coupled system on $S\times S^{(2)}$ with the $g_2$ semi-conjugacy admits a normally hyperbolic invariant circle $\Orb_{12}
3216	theorem	thm:C	Introduction	NO-PROOF	0		\label{thm:C} As parameters $(\gamma,\beta,\eta)$ vary from their baseline values $(\gamma,\beta,c,\eta)=(2,1,2,1)$: \begin{enumerate}[label
3234	theorem	thm:D	Introduction	FULL-LOOKING	97		\label{thm:D} For the SDE extension with noise $\sigma>0$, the stationary measure $\mu_\sigma$ satisfies: \[ \mu_\sigma(\cN_\delta(\Orb)) = 
3283	proposition	prop:flow	The toy model: setup and axiom verification	FULL-LOOKING	34		\label{prop:flow} The flow of $Y$ is \[ \phi^t(r_0,\theta_0) = \left(\frac{1}{\sqrt{1+(r_0^{-2}-1)e^{-4t}}},\; \theta_0 + t\bmod 2\pi\right)
3300	proposition	prop:canonical	The toy model: setup and axiom verification	FULL-LOOKING	25		\label{prop:canonical} The canonical invariant triple of $\dm_0$ is \[ \iota(\dm_0) = (T^*,\mu_{\max},\tau) = (2\pi,-2,\tau_0), \] where $\t
3348	lemma	lem:transverse	The toy model: setup and axiom verification	ONE-LINER	19		\label{lem:transverse} For $z>0$, the transverse eigenvalue is $\lambda(z) = -2(1-e^{-z}) < 0$. The orbit $\Orb$ is exponentially stable wit
3387	corollary	Noise tolerance under unificat	The toy model: setup and axiom verification	NO-PROOF	0		By Theorem~B of~\cite{Paper1}, unification of two toy model systems gives $\tau_{12}\le\min(\tau_1,\tau_2)=2$.
3423	proposition	prop:contactstruct	The toy model: setup and axiom verification	FULL-LOOKING	30		\label{prop:contactstruct} On $M=S\times\R$, the form $\alpha=dz-r^2\,d\theta$ satisfies $\alpha\wedge d\alpha=2r\,dz\wedge dr\wedge d\theta
3446	proposition	prop:onorbit	The toy model: setup and axiom verification	NO-PROOF	0		\label{prop:onorbit} On $\Orb$ ($r=1$): $\dot r=0$, $\dot\theta=1$, $\dot z=1$. The system rotates at unit angular speed and accumulates act
3452	proposition	prop:threshold	The toy model: setup and axiom verification	NO-PROOF	0		\label{prop:threshold} Near $\Orb$ with $r=1+\rho$, $\rho$ small: \[ \dot\rho \approx -2\rho(1-e^{-z}). \] For $z>0$: $\dot\rho<0$ (orbit at
3649	proposition	prop:dm3stable	Invariant sets and stability classification	NO-PROOF	0		\label{prop:dm3stable} Linearizing~\eqref{eq:r-full} at $r=1$ with $r=1+\rho$: \[ \dot\rho = -2\rho + 2\rho e^{-z} = -2\rho(1-e^{-z}). \] Fo
3658	proposition	prop:resstable	Invariant sets and stability classification	NO-PROOF	0		\label{prop:resstable} Let $\delta=\theta_1-2\theta_2$ (transverse deviation from $\Orb_{12}$). Then $\dot\delta=\dot\theta_1-2\dot\theta_2=
3676	proposition	prop:collapse	Invariant sets and stability classification	NO-PROOF	0		\label{prop:collapse} At $r=r_{\min}$ (left boundary of $B_3$): $Q(r_{\min})>0$, so trajectories are pushed rightward (away from $B_3$ and t
3689	proposition	prop:portrait	Global phase portrait and proof of Theorem~A	NO-PROOF	0		\label{prop:portrait} The global phase portrait of the full system has: \begin{itemize}[leftmargin=*] \item One attracting cycle ($\Orb$) in
3748	proposition	prop:hopf	Bifurcation analysis and proof of Theorem~C	FULL-LOOKING	28		\label{prop:hopf} The transverse eigenvalue near $\Orb$ for general $\gamma>0$ and fixed $z=z_0>0$ is $\lambda(\gamma,z_0)=-2(1-\gamma e^{-z
3760	theorem	thm:Chopf	Bifurcation analysis and proof of Theorem~C	DEFERS	39	\cite,by the standard	\label{thm:Chopf} At $\gamma=\gamma^*=e^{z_0}$, the system undergoes a supercritical Hopf bifurcation in the $(r,z)$-plane. A new attracting
3787	theorem	thm:saddle	Bifurcation analysis and proof of Theorem~C	FULL-LOOKING	69		\label{thm:saddle} In the two-orbit system, the anti-collapse strength $\eta$ has a critical value \[ \eta^* = \left.\frac{r(r^2-1)}{Q(r)}\r
3809	theorem	thm:NS	Bifurcation analysis and proof of Theorem~C	DEFERS	90	\cite,\ref{prop,by the standard	\label{thm:NS} The transition boundary $B_2=\partial\mathcal{A}_{1:2}$ in parameter space corresponds exactly to a Neimark--Sacker bifurcati
3840	proposition	prop:SRB	Invariant measures and proof of Theorem~D	DEFERS	25	follows from	\label{prop:SRB} The unique ergodic SRB measure on $\Orb$ is $\mu_{\mathrm{SRB}}=d\theta/2\pi$, the uniform measure. For any continuous $f\c
3864	proposition	prop:stationary	Invariant measures and proof of Theorem~D	FULL-LOOKING	43		\label{prop:stationary} The stationary density is \[ \rho_\infty(r,\theta) = \frac{1}{Z}\exp\!\left(-\frac{2V(r)}{\sigma_0^2}\right) = \frac
3908	proposition	prop:normal	Contact normal form verification	FULL-LOOKING	74		\label{prop:normal} In coordinates $(\rho,\theta,z)$ with $\rho=r-1$, the system \eqref{eq:r-full}--\eqref{eq:z-full} near $\Orb$ takes the 
3932	corollary	cor:universal	Contact normal form verification	NO-PROOF	0		\label{cor:universal} The toy model is locally contact-diffeomorphic to the universal normal form of~\cite{Paper1} with canonical invariant 
