alpha,distinct,settle,cycle,neither,periods
0.0,40,40,0,0,{1: 40}
0.05,40,40,0,0,{1: 40}
0.1,40,40,0,0,{1: 40}
0.15,40,40,0,0,{1: 40}
0.2,40,40,0,0,{1: 40}
0.25,40,40,0,0,{1: 40}
0.3,40,40,0,0,{1: 40}
0.35,40,40,0,0,{1: 40}
0.4,33,40,0,0,{1: 40}
0.45,10,36,4,0,"{1: 36, 16: 4}"
0.5,26,17,23,0,"{1: 17, 24: 2, 16: 21}"
0.55,23,18,22,0,"{1: 18, 16: 22}"
0.6,28,13,27,0,"{1: 13, 16: 11, 14: 16}"
0.65,26,18,22,0,"{1: 18, 16: 4, 12: 18}"
0.7,22,22,4,14,"{1: 22, 12: 4, None: 14}"
0.75,19,25,5,10,"{1: 25, 12: 5, None: 10}"
0.8,16,28,3,9,"{1: 28, 32: 3, None: 9}"
0.85,19,25,0,15,"{1: 25, None: 15}"
0.9,16,28,1,11,"{1: 28, None: 11, 9: 1}"
0.95,20,0,0,40,{None: 40}
